2024-08-07 11:40:06,3974085987,Machine Vision Engineer,First Quality,True,True
2024-08-07 11:40:13,3974203568,Machine Vision Engineer,First Quality,False,False
2024-08-07 11:40:43,3987883524,Machine Learning Engineer,Imperium Data,True,True
2024-08-07 11:43:05,3984648395,Software Engineer,Annapolis Micro Systems,True,True
2024-08-07 11:43:21,3986982489,Machine Learning Engineer,Harnham,True,True
2024-08-07 11:43:35,3984797549,Artificial Intelligence Engineer,Techfueld,True,True
2024-08-07 11:43:49,3988051063,Vertex AI ML Engineer,Synechron,True,True
2024-08-07 11:44:02,3965702535,Machine Learning Engineer,Faction Imaging Inc,True,True
2024-08-07 11:44:29,3938881106,Software Engineer - Cloud/Data,"Misapplied Sciences, Inc.",True,True
2024-08-07 11:44:54,3992211885,Software Engineer,Crystal Equation Corporation,True,True
2024-08-07 11:45:04,3988852970,"Machine Vision Software Engineer - Python, Machine Vision, C#",CyberCoders,True,True
2024-08-07 11:45:42,3981004906,Machine Learning Engineer,Integer Technologies LLC,True,True
2024-08-07 11:46:03,3980062121,Machine Learning Engineer,Stealth AI Startup *,True,True
2024-08-07 11:52:41,3990860008,Artificial Intelligence Engineer,Verano,True,True
2024-08-07 11:52:57,3982417040,Python Developer - Data Team,Saragossa,True,True
2024-08-07 11:53:11,3982507060,Artificial Intelligence Engineer,Catholic Institute of Technology,True,True
2024-08-07 11:53:49,3978890270,"Software Engineer, Analytics",Parsec Education,True,True
2024-08-07 11:54:56,2389239650,Software Engineer,Macro,True,True
2024-08-07 11:55:22,3964563036,Machine Learning Engineer,Stuut,True,True
2024-08-07 11:55:57,3984463479,Software Developer - Artificial Intelligence,Western & Southern Financial Group,True,True
2024-08-07 11:56:04,3792289336,"Software Engineer, Data and Evaluation",Pony.ai,False,False
2024-08-07 11:56:11,3963333589,Data Scientist / Machine Learning Engineer,"Renewance, Inc.",False,False
2024-08-07 11:56:18,3971146921,Machine Learning Engineer,Ovise,False,False
2024-08-07 11:56:26,3956431721,Machine Learning Engineer,PrimeAI,False,False
2024-08-07 11:56:48,3925505889,D Computer Vision Engineer,The Indoor Lab,False,False
2024-08-07 11:57:19,3925505889,D Computer Vision Engineer,The Indoor Lab,True,True
2024-08-07 11:58:03,3976918930,Junior Software Engineer,"WorldTech IT, LLC",True,True
2024-08-07 11:58:19,3936860557,Computer Vision Engineer,"Coilcraft, Inc.",True,True
2024-08-07 11:58:52,3983976118,Software Application Engineer,Kensington Additive,True,True
2024-08-07 11:59:26,3982779743,AI/ML Engineer,Iris Software Inc.,True,True
2024-08-07 11:59:34,3792289336,"Software Engineer, Data and Evaluation",Pony.ai,False,False
2024-08-07 12:00:09,3963333589,Data Scientist / Machine Learning Engineer,"Renewance, Inc.",True,True
2024-08-07 12:00:29,3813384275,Software Engineer,"Eagle Software Group, Inc.",True,True
2024-08-07 12:00:43,3971146921,Machine Learning Engineer,Ovise,True,True
2024-08-07 12:01:08,3964451060,Software Engineer,Arctos Partners,True,True
2024-08-07 12:04:14,3978085855,D Computer Graphics R&D Engineer (non-remote),OpsiClear,True,False
2024-08-07 12:05:09,3921155189,EPIC Systems: Machine Vision Software Engineer,Calaway Habeck Talent Consulting,True,True
2024-08-07 12:05:33,3971732508,Staff AI Engineer,Entertainment Partners,True,True
2024-08-07 12:05:45,3943822191,Senior Machine Learning & Computer Vision Engineer - Hyrbid,CyberCoders,True,True
2024-08-07 12:05:55,3945975223,Remote Computer Vision Engineer - AI/Manufacturing (Up to $200k),CyberCoders,True,True
2024-08-07 12:06:19,3976010710,D) Generative AI Engineer,Meshy,True,True
2024-08-07 12:06:26,3946214022,Senior Machine Learning & Computer Vision Engineer - Hyrbid,CyberCoders,False,False
2024-08-07 12:07:06,3937509410,Robotics and Software Test Engineer,"Makai Ocean Engineering, Inc.",True,True
2024-08-07 12:07:47,3948406020,Visualization Systems Engineer,"EndoTheia, Inc.",True,True
2024-08-07 12:07:54,3979390394,"AI Research Engineer, Digital Pathology",Ellison Institute of Technology Los Angeles,False,False
2024-08-07 12:08:01,3973029793,IIoT Solution Engineer,Tenth Revolution Group,False,False
2024-08-07 12:08:08,3779607837,ADAS and AV Systems Engineer,Pony.ai,False,False
2024-08-07 12:08:15,3941903215,Motion Control Firmware Engineer,KLA,False,False
2024-08-07 12:08:22,3978213608,Vision System Engineer,Bosch Charleston Plant,False,False
2024-08-07 12:08:44,3978085855,D Computer Graphics R&D Engineer (non-remote),OpsiClear,False,False
2024-08-07 12:08:52,3943817790,Senior Machine Learning & Computer Vision Engineer - Hyrbid,CyberCoders,False,False
2024-08-07 12:09:14,3978085855,D Computer Graphics R&D Engineer (non-remote),OpsiClear,False,False
2024-08-07 12:09:41,3978085855,D Computer Graphics R&D Engineer (non-remote),OpsiClear,False,False
2024-08-07 12:10:03,3978085855,D Computer Graphics R&D Engineer (non-remote),OpsiClear,False,False
2024-08-07 12:10:10,3993629927,Junior iOS Developer,Tech Consulting,False,False
2024-08-07 12:10:32,3978085855,D Computer Graphics R&D Engineer (non-remote),OpsiClear,False,False
2024-08-07 12:10:39,3993629927,Junior iOS Developer,Tech Consulting,False,False
2024-08-07 12:11:01,3978085855,D Computer Graphics R&D Engineer (non-remote),OpsiClear,False,False
2024-08-07 12:11:08,3993629927,Junior iOS Developer,Tech Consulting,False,False
2024-08-07 12:14:18,3978085855,D Computer Graphics R&D Engineer (non-remote),OpsiClear,True,True
2024-08-07 12:16:00,3943817790,Senior Machine Learning & Computer Vision Engineer - Hyrbid,CyberCoders,True,True
2024-08-07 12:16:12,3946214022,Senior Machine Learning & Computer Vision Engineer - Hyrbid,CyberCoders,True,True
2024-08-07 12:16:34,3946214022,Senior Machine Learning & Computer Vision Engineer - Hyrbid,CyberCoders,False,False
2024-08-07 12:16:56,3946214022,Senior Machine Learning & Computer Vision Engineer - Hyrbid,CyberCoders,False,False
2024-08-07 12:19:37,3941903215,Motion Control Firmware Engineer,KLA,True,True
2024-08-07 12:19:45,3979390394,"AI Research Engineer, Digital Pathology",Ellison Institute of Technology Los Angeles,False,False
2024-08-07 12:19:52,3779607837,ADAS and AV Systems Engineer,Pony.ai,False,False
2024-08-07 12:19:59,3978213608,Vision System Engineer,Bosch Charleston Plant,False,False
2024-08-07 12:22:33,3979390394,"AI Research Engineer, Digital Pathology",Ellison Institute of Technology Los Angeles,True,False
2024-08-07 12:22:57,3978213608,Vision System Engineer,Bosch Charleston Plant,True,True
2024-08-07 12:23:04,3779607837,ADAS and AV Systems Engineer,Pony.ai,False,False
2024-08-07 12:24:20,3946205978,Senior Machine Learning & Computer Vision Engineer - Hyrbid,CyberCoders,True,True
2024-08-07 12:25:49,3979390394,"AI Research Engineer, Digital Pathology",Ellison Institute of Technology Los Angeles,True,False
2024-08-07 12:26:26,3982346265,Robotics/Embedded Software Engineer,Hoverfly Technologies,True,True
2024-08-07 12:29:13,3979390394,"AI Research Engineer, Digital Pathology",Ellison Institute of Technology Los Angeles,True,False
2024-08-07 12:29:20,3779607837,ADAS and AV Systems Engineer,Pony.ai,False,False
2024-08-07 12:32:09,3979390394,"AI Research Engineer, Digital Pathology",Ellison Institute of Technology Los Angeles,True,False
2024-08-07 12:33:08,3995526331,Azure Cloud Data Engineer,Taalos,True,True
2024-08-07 12:35:18,3979390394,"AI Research Engineer, Digital Pathology",Ellison Institute of Technology Los Angeles,True,False
2024-08-07 12:35:25,3779607837,ADAS and AV Systems Engineer,Pony.ai,False,False
2024-08-07 12:37:09,3979390394,"AI Research Engineer, Digital Pathology",Ellison Institute of Technology Los Angeles,True,False
2024-08-07 12:37:17,3779607837,ADAS and AV Systems Engineer,Pony.ai,False,False
2024-08-07 12:37:39,3979390394,"AI Research Engineer, Digital Pathology",Ellison Institute of Technology Los Angeles,False,False
2024-08-07 12:37:46,3779607837,ADAS and AV Systems Engineer,Pony.ai,False,False
2024-08-07 12:48:13,3946208739,Senior Machine Learning & Computer Vision Engineer - Hyrbid,CyberCoders,False,False
2024-08-07 14:41:47,3946208739,Senior Machine Learning & Computer Vision Engineer - Hyrbid,CyberCoders,True,True
2024-08-07 14:42:36,3993646230,Software Engineer,"Imagine Staffing Technology, An Imagine Company",True,True
2024-08-07 14:43:26,3964765123,Founding AI Engineer,"TeddyBot, Inc",True,True
2024-08-07 14:43:42,3993878582,Computer Vision Engineers/Leads/Architects,Vivid Resourcing,True,True
2024-08-07 15:31:57,3925082342,AI / Deep Learning Engineer,ADM Diagnostics,True,True
2024-08-07 15:40:47,3916570313,Computer Vision Engineer,ATD Technology LLC full-service Staffing & Recruiting Agency,True,False
2024-08-07 15:41:12,3973355264,AI Web Application Developer,The Market Social,True,True
2024-08-07 16:08:24,3962090649,Software Engineer - Machine Learning Platform,PathAI,True,True
2024-08-07 16:10:41,3977054713,Machine Learning Engineer,Neural Magic,True,False
2024-08-07 16:12:32,3966605720,Computer Vision,Machine Learning Engineer,True,False
2024-08-07 16:13:11,3925317972,Machine Learning ML Engineer,Argyll Infotech Enterprise Pvt Ltd,True,True
2024-08-07 16:14:54,3938913028,AI Engineer,CellarTracker,True,True
2024-08-07 16:15:01,3941635204,AI/ML Engineer - Remote,Software Technology Inc.,False,False
2024-08-07 16:15:32,3942660537,"AI Engineer, Specialist, Analyst",HireKeyz Inc,True,True
2024-08-07 16:15:50,3932210135,Python Developer,Alex&Co.,True,True
2024-08-07 16:15:57,3929079507,ML Engineer,ELITE MENTE LLC,False,False
2024-08-07 16:16:05,3916541910,Machine Learning Engineer,ATD Technology LLC full-service Staffing & Recruiting Agency,False,False
2024-08-07 16:16:12,3993298873,MediaPipe OpenPose OpenCV Engineer,The Tann Mann Gaadi,False,False
2024-08-07 16:16:49,3978495390,"Azure Artificial Intelligence, Machine Learning Cloud Engineer",eSense Incorporated,True,False
2024-08-07 16:19:43,3995533010,Machine Learning Engineer/Researcher,Stellar Cyber,True,False
2024-08-07 16:20:18,3995598053,Business Data Analyst,Mary Kay Global,False,False
2024-08-07 16:20:26,3995267518,Python full stack with Devops,PeopleLogic,False,False
2024-08-07 16:20:51,3992214185,Python Developer,Intelliswift Software,True,True
2024-08-07 16:21:27,3992339866,Junior Data Engineer,Apex Systems,True,True
2024-08-07 16:21:50,3995316549,Quality Assurance Automation Engineer,Genpact,True,True
2024-08-07 16:21:57,3991699925,Gen AI Engineer,Impetus,False,False
2024-08-07 16:22:04,3994046804,Python/PySpark Data Engineer,Eviden,False,False
2024-08-07 16:22:26,3995741498,Machine Learning Engineer II – Data Scientist,TeleTracking,False,False
2024-08-07 16:22:34,3995598053,Business Data Analyst,Mary Kay Global,False,False
2024-08-07 16:22:41,3995315856,Data Engineer,Charter Global,False,False
2024-08-07 16:22:48,3995267518,Python full stack with Devops,PeopleLogic,False,False
2024-08-07 16:22:56,3961905011,Data Application Developer,PLS 3rd Learning,False,False
2024-08-07 16:23:03,3991699925,Gen AI Engineer,Impetus,False,False
2024-08-07 16:23:10,3994046804,Python/PySpark Data Engineer,Eviden,False,False
2024-08-07 16:23:32,3995598053,Business Data Analyst,Mary Kay Global,False,False
2024-08-07 16:24:09,3995267518,Python full stack with Devops,PeopleLogic,True,False
2024-08-07 16:24:16,3995741498,Machine Learning Engineer II – Data Scientist,TeleTracking,False,False
2024-08-07 16:24:51,3961905011,Data Application Developer,PLS 3rd Learning,True,True
2024-08-07 16:24:59,3991699925,Gen AI Engineer,Impetus,False,False
2024-08-07 16:25:08,3994046804,Python/PySpark Data Engineer,Eviden,False,False
2024-08-07 16:25:15,3995766179,Python Developer,Raas Infotek,False,False
2024-08-07 16:44:59,3987414853,ML Engineer (MLOps),Tredence Inc.,True,True
2024-08-07 16:45:07,3989717954,Machine Learning Engineer- Conventional AI,CareVox,False,False
2024-08-07 16:45:14,3975642433,Sr. AI Applications Engineer (OpenAI) - NBC Sports Next,NBC Sports Next,False,False
2024-08-07 16:45:21,3989158078,AI/ML Engineer,Kforce Inc,False,False
2024-08-07 16:45:28,3941635204,AI/ML Engineer - Remote,Software Technology Inc.,False,False
2024-08-07 16:45:35,3916570313,Computer Vision Engineer,ATD Technology LLC full-service Staffing & Recruiting Agency,False,False
2024-08-07 16:45:42,3929079507,ML Engineer,ELITE MENTE LLC,False,False
2024-08-07 16:45:49,3978495390,"Azure Artificial Intelligence, Machine Learning Cloud Engineer",eSense Incorporated,False,False
2024-08-07 16:45:56,3939614075,AI Engineer - Remote Poland,First Advantage,False,False
2024-08-07 16:46:04,3916541910,Machine Learning Engineer,ATD Technology LLC full-service Staffing & Recruiting Agency,False,False
2024-08-07 16:46:11,3966605720,Computer Vision,Machine Learning Engineer,False,False
2024-08-07 16:46:18,3977150149,AI Prompt Engineer & Digital Marketing Specialist,Magic Story,False,False
2024-08-07 16:46:25,3918474071,ML Engineer-GCP - US,Zortech Solutions,False,False
2024-08-07 16:46:32,3945741297,Machine Learning Engineer,Northwest Partners,False,False
2024-08-07 16:46:39,3973141788,Sr. Conversational AI Engineer,Avtex Solutions,False,False
2024-08-07 16:47:02,3989717954,Machine Learning Engineer- Conventional AI,CareVox,False,False
2024-08-07 16:47:09,3975642433,Sr. AI Applications Engineer (OpenAI) - NBC Sports Next,NBC Sports Next,False,False
2024-08-07 16:47:30,3989717954,Machine Learning Engineer- Conventional AI,CareVox,False,False
2024-08-07 16:47:37,3975642433,Sr. AI Applications Engineer (OpenAI) - NBC Sports Next,NBC Sports Next,False,False
2024-08-07 16:47:59,3989717954,Machine Learning Engineer- Conventional AI,CareVox,False,False
2024-08-07 16:48:06,3975642433,Sr. AI Applications Engineer (OpenAI) - NBC Sports Next,NBC Sports Next,False,False
2024-08-07 16:48:28,3989717954,Machine Learning Engineer- Conventional AI,CareVox,False,False
2024-08-07 16:48:35,3975642433,Sr. AI Applications Engineer (OpenAI) - NBC Sports Next,NBC Sports Next,False,False
2024-08-07 16:48:57,3989717954,Machine Learning Engineer- Conventional AI,CareVox,False,False
2024-08-07 16:49:04,3975642433,Sr. AI Applications Engineer (OpenAI) - NBC Sports Next,NBC Sports Next,False,False
2024-08-07 16:49:26,3989717954,Machine Learning Engineer- Conventional AI,CareVox,False,False
2024-08-07 16:49:34,3975642433,Sr. AI Applications Engineer (OpenAI) - NBC Sports Next,NBC Sports Next,False,False
2024-08-07 16:49:56,3989717954,Machine Learning Engineer- Conventional AI,CareVox,False,False
2024-08-07 16:50:03,3975642433,Sr. AI Applications Engineer (OpenAI) - NBC Sports Next,NBC Sports Next,False,False
2024-08-07 16:50:24,3989717954,Machine Learning Engineer- Conventional AI,CareVox,False,False
2024-08-07 16:50:31,3975642433,Sr. AI Applications Engineer (OpenAI) - NBC Sports Next,NBC Sports Next,False,False
2024-08-07 16:50:52,3989717954,Machine Learning Engineer- Conventional AI,CareVox,False,False
2024-08-07 16:50:59,3975642433,Sr. AI Applications Engineer (OpenAI) - NBC Sports Next,NBC Sports Next,False,False
2024-08-07 16:51:21,3989717954,3) Machine Learning Engineer- Conventional AI,CareVox,False,False
2024-08-07 16:51:28,3975642433,3) Sr. AI Applications Engineer (OpenAI) - NBC Sports Next,NBC Sports Next,False,False
2024-08-07 16:51:50,3989717954,3) Machine Learning Engineer- Conventional AI,CareVox,False,False
2024-08-07 16:51:57,3975642433,3) Sr. AI Applications Engineer (OpenAI) - NBC Sports Next,NBC Sports Next,False,False
2024-08-07 16:52:19,3989717954,3) Machine Learning Engineer- Conventional AI,CareVox,False,False
2024-08-07 16:52:26,3975642433,3) Sr. AI Applications Engineer (OpenAI) - NBC Sports Next,NBC Sports Next,False,False
2024-08-07 16:52:47,3989717954,3) Machine Learning Engineer- Conventional AI,CareVox,False,False
2024-08-07 16:52:55,3975642433,3) Sr. AI Applications Engineer (OpenAI) - NBC Sports Next,NBC Sports Next,False,False
2024-08-07 16:53:16,3989717954,3) Machine Learning Engineer- Conventional AI,CareVox,False,False
2024-08-07 16:53:23,3975642433,3) Sr. AI Applications Engineer (OpenAI) - NBC Sports Next,NBC Sports Next,False,False
2024-08-07 16:53:45,3989717954,3) Machine Learning Engineer- Conventional AI,CareVox,False,False
2024-08-07 16:53:52,3975642433,3) Sr. AI Applications Engineer (OpenAI) - NBC Sports Next,NBC Sports Next,False,False
2024-08-07 16:54:14,3989717954,3) Machine Learning Engineer- Conventional AI,CareVox,False,False
2024-08-07 16:54:21,3975642433,3) Sr. AI Applications Engineer (OpenAI) - NBC Sports Next,NBC Sports Next,False,False
2024-08-07 16:54:43,3989717954,3) Machine Learning Engineer- Conventional AI,CareVox,False,False
2024-08-07 16:54:50,3975642433,3) Sr. AI Applications Engineer (OpenAI) - NBC Sports Next,NBC Sports Next,False,False
2024-08-07 16:55:11,3989717954,3) Machine Learning Engineer- Conventional AI,CareVox,False,False
2024-08-07 16:55:19,3975642433,3) Sr. AI Applications Engineer (OpenAI) - NBC Sports Next,NBC Sports Next,False,False
2024-08-07 16:55:41,3989717954,3) Machine Learning Engineer- Conventional AI,CareVox,False,False
2024-08-07 16:55:47,3975642433,3) Sr. AI Applications Engineer (OpenAI) - NBC Sports Next,NBC Sports Next,False,False
2024-08-07 16:56:09,3989717954,3) Machine Learning Engineer- Conventional AI,CareVox,False,False
2024-08-07 16:56:16,3975642433,3) Sr. AI Applications Engineer (OpenAI) - NBC Sports Next,NBC Sports Next,False,False
2024-08-07 16:56:27,3989158078,3) AI/ML Engineer,Kforce Inc,True,True
2024-08-07 16:56:57,3989717954,3) Machine Learning Engineer- Conventional AI,CareVox,True,True
2024-08-07 16:57:04,3975642433,3) Sr. AI Applications Engineer (OpenAI) - NBC Sports Next,NBC Sports Next,False,False
2024-08-07 16:57:11,3989158078,3) AI/ML Engineer,Kforce Inc,False,False
2024-08-07 16:57:18,3941635204,3) AI/ML Engineer - Remote,Software Technology Inc.,False,False
2024-08-07 16:57:25,3916570313,3) Computer Vision Engineer,ATD Technology LLC full-service Staffing & Recruiting Agency,False,False
2024-08-07 16:57:32,3929079507,3) ML Engineer,ELITE MENTE LLC,False,False
2024-08-07 16:57:39,3978495390,"3) Azure Artificial Intelligence, Machine Learning Cloud Engineer",eSense Incorporated,False,False
2024-08-07 16:57:46,3939614075,3) AI Engineer - Remote Poland,First Advantage,False,False
2024-08-07 16:57:53,3916541910,3) Machine Learning Engineer,ATD Technology LLC full-service Staffing & Recruiting Agency,False,False
2024-08-07 16:58:00,3966605720,3) Computer Vision,Machine Learning Engineer,False,False
2024-08-07 16:58:07,3977150149,3) AI Prompt Engineer & Digital Marketing Specialist,Magic Story,False,False
2024-08-07 16:58:14,3918474071,3) ML Engineer-GCP - US,Zortech Solutions,False,False
2024-08-07 16:58:21,3945741297,3) Machine Learning Engineer,Northwest Partners,False,False
2024-08-07 16:58:28,3973141788,3) Sr. Conversational AI Engineer,Avtex Solutions,False,False
2024-08-07 16:58:50,3975642433,3) Sr. AI Applications Engineer (OpenAI) - NBC Sports Next,NBC Sports Next,False,False
2024-08-07 16:59:12,3975642433,Sr. AI Applications Engineer (OpenAI) - NBC Sports Next,NBC Sports Next,False,False
2024-08-07 16:59:33,3975642433,Sr. AI Applications Engineer (OpenAI) - NBC Sports Next,NBC Sports Next,False,False
2024-08-07 16:59:55,3975642433,Sr. AI Applications Engineer (OpenAI) - NBC Sports Next,NBC Sports Next,False,False
2024-08-07 17:00:17,3975642433,Sr. AI Applications Engineer (OpenAI) - NBC Sports Next,NBC Sports Next,False,False
2024-08-07 17:00:38,3975642433,Sr. AI Applications Engineer (OpenAI) - NBC Sports Next,NBC Sports Next,False,False
2024-08-07 17:01:00,3975642433,Sr. AI Applications Engineer (OpenAI) - NBC Sports Next,NBC Sports Next,False,False
2024-08-07 17:01:22,3975642433,Sr. AI Applications Engineer (OpenAI) - NBC Sports Next,NBC Sports Next,False,False
2024-08-07 17:01:43,3975642433,Sr. AI Applications Engineer (OpenAI) - NBC Sports Next,NBC Sports Next,False,False
2024-08-07 17:02:05,3975642433,Sr. AI Applications Engineer (OpenAI) - NBC Sports Next,NBC Sports Next,False,False
2024-08-07 17:02:26,3975642433,Sr. AI Applications Engineer (OpenAI) - NBC Sports Next,NBC Sports Next,False,False
2024-08-07 17:02:48,3975642433,Sr. AI Applications Engineer (OpenAI) - NBC Sports Next,NBC Sports Next,False,False
2024-08-07 17:03:10,3975642433,Sr. AI Applications Engineer (OpenAI) - NBC Sports Next,NBC Sports Next,False,False
2024-08-07 17:03:32,3975642433,Sr. AI Applications Engineer (OpenAI) - NBC Sports Next,NBC Sports Next,False,False
2024-08-07 17:03:54,3975642433,Sr. AI Applications Engineer (OpenAI) - NBC Sports Next,NBC Sports Next,False,False
2024-08-07 17:04:16,3975642433,Sr. AI Applications Engineer (OpenAI) - NBC Sports Next,NBC Sports Next,False,False
2024-08-07 17:04:37,3975642433,Sr. AI Applications Engineer (OpenAI) - NBC Sports Next,NBC Sports Next,False,False
2024-08-07 17:04:59,3975642433,Sr. AI Applications Engineer (OpenAI) - NBC Sports Next,NBC Sports Next,False,False
2024-08-07 17:05:21,3975642433,Sr. AI Applications Engineer (OpenAI) - NBC Sports Next,NBC Sports Next,False,False
2024-08-07 17:05:43,3975642433,Sr. AI Applications Engineer (OpenAI) - NBC Sports Next,NBC Sports Next,False,False
2024-08-07 17:06:05,3975642433,Sr. AI Applications Engineer (OpenAI) - NBC Sports Next,NBC Sports Next,False,False
2024-08-07 17:06:27,3975642433,Sr. AI Applications Engineer (OpenAI) - NBC Sports Next,NBC Sports Next,False,False
2024-08-07 17:06:49,3975642433,Sr. AI Applications Engineer (OpenAI) - NBC Sports Next,NBC Sports Next,False,False
2024-08-07 17:07:10,3975642433,Sr. AI Applications Engineer (OpenAI) - NBC Sports Next,NBC Sports Next,False,False
2024-08-07 17:07:32,3975642433,Sr. AI Applications Engineer (OpenAI) - NBC Sports Next,NBC Sports Next,False,False
2024-08-07 17:07:54,3975642433,Sr. AI Applications Engineer (OpenAI) - NBC Sports Next,NBC Sports Next,False,False
2024-08-07 17:08:16,3975642433,Sr. AI Applications Engineer (OpenAI) - NBC Sports Next,NBC Sports Next,False,False
2024-08-07 17:08:38,3975642433,Sr. AI Applications Engineer (OpenAI) - NBC Sports Next,NBC Sports Next,False,False
2024-08-07 17:09:00,3975642433,Sr. AI Applications Engineer (OpenAI) - NBC Sports Next,NBC Sports Next,False,False
2024-08-07 17:20:05,3975642433,Sr. AI Applications Engineer (OpenAI) - NBC Sports Next,NBC Sports Next,True,False
2024-08-07 17:20:28,3975642433,Sr. AI Applications Engineer (OpenAI) - NBC Sports Next,NBC Sports Next,False,False
2024-08-07 17:20:49,3975642433,Sr. AI Applications Engineer (OpenAI) - NBC Sports Next,NBC Sports Next,False,False
2024-08-07 17:32:48,3764307040,Scientific Developer (OE R41453),Cadence Design Systems,False,False
2024-08-07 17:32:55,3983414296,Full Stack Engineer,William T. Gaut - Consultants,False,False
2024-08-07 17:33:02,3984843044,Software Engineer,Stealth Startup (Health-Tech),False,False
2024-08-07 17:33:08,3982382852,Software Engineer,Sia Learning,False,False
2024-08-07 17:33:30,3764307040,Scientific Developer (OE R41453),Cadence Design Systems,False,False
2024-08-07 17:33:37,3983414296,Full Stack Engineer,William T. Gaut - Consultants,False,False
2024-08-07 17:33:45,3984843044,Software Engineer,Stealth Startup (Health-Tech),False,False
2024-08-07 17:33:52,3982382852,Software Engineer,Sia Learning,False,False
2024-08-07 17:34:14,3764307040,Scientific Developer (OE R41453),Cadence Design Systems,False,False
2024-08-07 17:34:21,3984843044,Software Engineer,Stealth Startup (Health-Tech),False,False
2024-08-07 17:34:28,3982382852,Software Engineer,Sia Learning,False,False
2024-08-07 17:34:35,3984401916,Data Scientist,Masan Group,False,False
2024-08-07 17:34:56,3764307040,Scientific Developer (OE R41453),Cadence Design Systems,False,False
2024-08-07 17:35:03,3983414296,Full Stack Engineer,William T. Gaut - Consultants,False,False
2024-08-07 17:35:10,3984843044,Software Engineer,Stealth Startup (Health-Tech),False,False
2024-08-07 17:35:18,3982382852,Software Engineer,Sia Learning,False,False
2024-08-07 17:35:40,3764307040,Scientific Developer (OE R41453),Cadence Design Systems,False,False
2024-08-07 17:35:47,3983414296,Full Stack Engineer,William T. Gaut - Consultants,False,False
2024-08-07 17:35:54,3984843044,Software Engineer,Stealth Startup (Health-Tech),False,False
2024-08-07 17:36:01,3982382852,Software Engineer,Sia Learning,False,False
2024-08-07 17:36:22,3764307040,Scientific Developer (OE R41453),Cadence Design Systems,False,False
2024-08-07 17:36:29,3983414296,Full Stack Engineer,William T. Gaut - Consultants,False,False
2024-08-07 17:36:36,3984843044,Software Engineer,Stealth Startup (Health-Tech),False,False
2024-08-07 17:36:43,3982382852,Software Engineer,Sia Learning,False,False
2024-08-07 17:37:05,3764307040,Scientific Developer (OE R41453),Cadence Design Systems,False,False
2024-08-07 17:37:12,3983414296,Full Stack Engineer,William T. Gaut - Consultants,False,False
2024-08-07 17:37:19,3984843044,Software Engineer,Stealth Startup (Health-Tech),False,False
2024-08-07 17:37:26,3982382852,Software Engineer,Sia Learning,False,False
2024-08-07 17:37:48,3764307040,Scientific Developer (OE R41453),Cadence Design Systems,False,False
2024-08-07 17:37:55,3984843044,Software Engineer,Stealth Startup (Health-Tech),False,False
2024-08-07 17:38:02,3982382852,Software Engineer,Sia Learning,False,False
2024-08-07 17:38:09,3984401916,Data Scientist,Masan Group,False,False
2024-08-07 17:38:30,3764307040,Scientific Developer (OE R41453),Cadence Design Systems,False,False
2024-08-07 17:38:37,3983414296,Full Stack Engineer,William T. Gaut - Consultants,False,False
2024-08-07 17:38:45,3984843044,Software Engineer,Stealth Startup (Health-Tech),False,False
2024-08-07 17:38:52,3982382852,Software Engineer,Sia Learning,False,False
2024-08-07 17:39:13,3764307040,Scientific Developer (OE R41453),Cadence Design Systems,False,False
2024-08-07 17:39:20,3983414296,Full Stack Engineer,William T. Gaut - Consultants,False,False
2024-08-07 17:39:28,3984843044,Software Engineer,Stealth Startup (Health-Tech),False,False
2024-08-07 17:39:35,3982382852,Software Engineer,Sia Learning,False,False
2024-08-07 17:39:57,3764307040,Scientific Developer (OE R41453),Cadence Design Systems,False,False
2024-08-07 17:40:04,3983414296,Full Stack Engineer,William T. Gaut - Consultants,False,False
2024-08-07 17:40:11,3984843044,Software Engineer,Stealth Startup (Health-Tech),False,False
2024-08-07 17:40:18,3982382852,Software Engineer,Sia Learning,False,False
2024-08-07 17:40:54,3764307040,Scientific Developer (OE R41453),Cadence Design Systems,True,True
2024-08-07 17:41:01,3982382852,Software Engineer,Sia Learning,False,False
2024-08-07 17:41:15,3984401916,Data Scientist,Masan Group,True,True
2024-08-07 17:41:22,3979558881,Data Scientist,Zest AI,False,False
2024-08-07 17:41:29,3985105714,Data Scientist,Global Systems Search Inc,False,False
2024-08-07 17:41:36,3981313731,Cloud Software Engineer,City Electric Supply,False,False
2024-08-07 17:41:43,3993611820,Computer Vision Engineer,Cloudious LLC,False,False
2024-08-07 17:41:51,3703898953,Machine Learning Engineer in the Optimization team - US Remote,Hugging Face,False,False
2024-08-07 17:41:58,3703897049,Cloud Machine Learning Engineer - US remote,Hugging Face,False,False
2024-08-07 17:42:05,3982221890,Azure Data Intelligence Engineer II,Consumer Direct Care Network,False,False
2024-08-07 17:42:12,3941635204,AI/ML Engineer - Remote,Software Technology Inc.,False,False
2024-08-07 17:42:19,3916570313,Computer Vision Engineer,ATD Technology LLC full-service Staffing & Recruiting Agency,False,False
2024-08-07 17:42:27,3995594441,Generative AI and LLM-driven Prompt Engineering Software Developer,Astoria AI,False,False
2024-08-07 17:42:34,3916541910,Machine Learning Engineer,ATD Technology LLC full-service Staffing & Recruiting Agency,False,False
2024-08-07 17:42:41,3888857215,Machine Learning Engineer,Abidi Solutions,False,False
2024-08-07 17:42:48,3991211931,Entry Level Software Engineer (Remote),Engtal,False,False
2024-08-07 17:43:26,3929079507,ML Engineer,ELITE MENTE LLC,True,False
2024-08-07 17:45:09,3993611820,Computer Vision Engineer,Cloudious LLC,True,True
2024-08-07 17:45:22,3995324316,Azure Data Engineer with AI/ML,CyberX Info System,True,True
2024-08-07 17:45:59,3993654703,Python Developer with EDA (Electronic Design Automation) and CAD experience,Ventures Unlimited Inc,True,True
2024-08-07 17:46:27,3995315856,Data Engineer,Charter Global,True,True
2024-08-07 17:46:50,3995315856,Data Engineer,Charter Global,False,False
2024-08-07 17:47:13,3995315856,Data Engineer,Charter Global,False,False
2024-08-07 17:52:06,3995319417,Frontend Developer,eTeam,False,False
2024-08-07 17:59:40,3989088680,Progress ERP Programmer,Service Wire Company,False,False
2024-08-07 17:59:47,3954928817,Machine Learning Engineer,Harnham,False,False
2024-08-07 17:59:54,3909429147,Gen AI Developer,Photon,False,False
2024-08-07 18:00:01,3855047723,Application Developer ( Symitar),Consultis,False,False
2024-08-07 18:00:08,3966696748,Application Engineer,Garlock Family of Companies,False,False
2024-08-07 18:00:34,3983324703,"Application Engineer - CTH, Hybrid in Houston",Recru,True,True
2024-08-07 18:00:50,3945760873,Applications Engineer,"Hydraquip, Inc.",True,True
2024-08-07 18:01:44,3989088680,Progress ERP Programmer,Service Wire Company,True,True
2024-08-07 18:01:51,3954928817,Machine Learning Engineer,Harnham,False,False
2024-08-07 18:01:58,3909429147,Gen AI Developer,Photon,False,False
2024-08-07 18:02:05,3855047723,Application Developer ( Symitar),Consultis,False,False
2024-08-07 18:02:13,3966696748,Application Engineer,Garlock Family of Companies,False,False
2024-08-07 18:02:19,3983324703,"Application Engineer - CTH, Hybrid in Houston",Recru,False,False
2024-08-07 18:02:27,3945760873,Applications Engineer,"Hydraquip, Inc.",False,False
2024-08-07 18:02:48,3954928817,Machine Learning Engineer,Harnham,False,False
2024-08-07 18:02:56,3909429147,Gen AI Developer,Photon,False,False
2024-08-07 18:03:03,3855047723,Application Developer ( Symitar),Consultis,False,False
2024-08-07 18:03:10,3966696748,Application Engineer,Garlock Family of Companies,False,False
2024-08-07 18:03:32,3954928817,Machine Learning Engineer,Harnham,False,False
2024-08-07 18:03:40,3909429147,Gen AI Developer,Photon,False,False
2024-08-07 18:03:47,3855047723,Application Developer ( Symitar),Consultis,False,False
2024-08-07 18:03:54,3966696748,Application Engineer,Garlock Family of Companies,False,False
2024-08-07 18:04:16,3954928817,Machine Learning Engineer,Harnham,False,False
2024-08-07 18:04:23,3909429147,Gen AI Developer,Photon,False,False
2024-08-07 18:04:30,3855047723,Application Developer ( Symitar),Consultis,False,False
2024-08-07 18:04:37,3966696748,Application Engineer,Garlock Family of Companies,False,False
2024-08-07 18:05:21,3993669883,GCP Data Engineer,Emids,True,True
2024-08-07 18:06:52,3954928817,Machine Learning Engineer,Harnham,True,True
2024-08-07 18:06:59,3909429147,Gen AI Developer,Photon,False,False
2024-08-07 18:07:06,3855047723,Application Developer ( Symitar),Consultis,False,False
2024-08-07 18:07:14,3966696748,Application Engineer,Garlock Family of Companies,False,False
2024-08-07 18:07:36,3909429147,Gen AI Developer,Photon,False,False
2024-08-07 18:07:43,3855047723,Application Developer ( Symitar),Consultis,False,False
2024-08-07 18:07:50,3966696748,Application Engineer,Garlock Family of Companies,False,False
2024-08-07 18:08:43,3909429147,Gen AI Developer,Photon,True,True
2024-08-07 18:08:50,3855047723,Application Developer ( Symitar),Consultis,False,False
2024-08-07 18:08:57,3966696748,Application Engineer,Garlock Family of Companies,False,False
2024-08-07 18:09:04,3927446321,IoT Solutions Engineer,"Trinity Industries, Inc.",False,False
2024-08-07 18:09:11,3972080001,Senior DevOps Engineer (Hybrid position),NXP Semiconductors,False,False
2024-08-07 18:09:23,3991672740,NC Programmer,TekWissen ®,True,True
2024-08-07 18:10:13,3993645929,Utilities Engineer,Insight Global,True,True
2024-08-07 18:10:20,3984943858,Software Engineer,Kforce Inc,False,False
2024-08-07 18:10:28,3978124156,SDET,Innova Solutions,False,False
2024-08-07 18:10:35,3961096238,Security Engineer,CORRIDOR Aviation Service Software,False,False
2024-08-07 18:10:42,3984992210,System Engineer,The Select Group,False,False
2024-08-07 18:10:50,3991541997,Application Engineer,ZRG Embedded Recruiting/RPO,False,False
2024-08-07 18:10:57,3765968693,Solutions Engineer,Verkada,False,False
2024-08-07 18:11:04,3977070578,Infrastructure Engineer,SONDA,False,False
2024-08-07 18:11:11,3982268782,FEA Engineer AI Artificial Intelligence,Altair,False,False
2024-08-07 18:11:18,3987545964,Engineer 1,Seneca Resources,False,False
2024-08-07 18:11:26,3976339829,React Java Octagon AWS Engineers,Kforce Inc,False,False
2024-08-07 18:11:36,3971085955,Engineer Completion Systems - Development Engineer,SEGULA Technologies,False,False
2024-08-07 18:11:58,3855047723,Application Developer ( Symitar),Consultis,False,False
2024-08-07 18:12:05,3966696748,Application Engineer,Garlock Family of Companies,False,False
2024-08-07 18:12:28,3855047723,Application Developer ( Symitar),Consultis,False,False
2024-08-07 18:12:35,3966696748,Application Engineer,Garlock Family of Companies,False,False
2024-08-07 18:12:57,3855047723,Application Developer ( Symitar),Consultis,False,False
2024-08-07 18:13:04,3966696748,Application Engineer,Garlock Family of Companies,False,False
2024-08-07 18:13:25,3855047723,Application Developer ( Symitar),Consultis,False,False
2024-08-07 18:13:32,3966696748,Application Engineer,Garlock Family of Companies,False,False
2024-08-07 18:13:55,3855047723,Application Developer ( Symitar),Consultis,False,False
2024-08-07 18:14:02,3966696748,Application Engineer,Garlock Family of Companies,False,False
2024-08-07 18:14:23,3855047723,Application Developer ( Symitar),Consultis,False,False
2024-08-07 18:14:30,3966696748,Application Engineer,Garlock Family of Companies,False,False
2024-08-07 18:14:52,3855047723,Application Developer ( Symitar),Consultis,False,False
2024-08-07 18:14:59,3966696748,Application Engineer,Garlock Family of Companies,False,False
2024-08-07 18:15:21,3855047723,Application Developer ( Symitar),Consultis,False,False
2024-08-07 18:15:28,3966696748,Application Engineer,Garlock Family of Companies,False,False
2024-08-07 18:15:51,3855047723,Application Developer ( Symitar),Consultis,False,False
2024-08-07 18:15:58,3966696748,Application Engineer,Garlock Family of Companies,False,False
2024-08-07 18:16:19,3855047723,Application Developer ( Symitar),Consultis,False,False
2024-08-07 18:16:27,3966696748,Application Engineer,Garlock Family of Companies,False,False
2024-08-07 18:16:54,3855047723,Application Developer ( Symitar),Consultis,True,True
2024-08-07 18:17:01,3966696748,Application Engineer,Garlock Family of Companies,False,False
2024-08-07 18:17:09,3927446321,IoT Solutions Engineer,"Trinity Industries, Inc.",False,False
2024-08-07 18:17:16,3978124156,SDET,Innova Solutions,False,False
2024-08-07 18:17:23,3961096238,Security Engineer,CORRIDOR Aviation Service Software,False,False
2024-08-07 18:17:30,3984992210,System Engineer,The Select Group,False,False
2024-08-07 18:17:37,3991541997,Application Engineer,ZRG Embedded Recruiting/RPO,False,False
2024-08-07 18:17:44,3765968693,Solutions Engineer,Verkada,False,False
2024-08-07 18:17:51,3977070578,Infrastructure Engineer,SONDA,False,False
2024-08-07 18:17:59,3982268782,FEA Engineer AI Artificial Intelligence,Altair,False,False
2024-08-07 18:18:06,3987545964,Engineer 1,Seneca Resources,False,False
2024-08-07 18:18:13,3984943858,Software Engineer,Kforce Inc,False,False
2024-08-07 18:18:26,3976339829,React Java Octagon AWS Engineers,Kforce Inc,True,True
2024-08-07 18:20:43,3971085955,Engineer Completion Systems - Development Engineer,SEGULA Technologies,True,True
2024-08-07 18:21:05,3966696748,Application Engineer,Garlock Family of Companies,False,False
2024-08-07 18:21:27,3966696748,Application Engineer,Garlock Family of Companies,False,False
2024-08-07 18:21:49,3966696748,Application Engineer,Garlock Family of Companies,False,False
2024-08-07 18:22:11,3966696748,Application Engineer,Garlock Family of Companies,False,False
2024-08-07 18:22:33,3966696748,Application Engineer,Garlock Family of Companies,False,False
2024-08-07 18:22:55,3966696748,Application Engineer,Garlock Family of Companies,False,False
2024-08-07 18:23:17,3966696748,Application Engineer,Garlock Family of Companies,False,False
2024-08-07 18:23:39,3966696748,Application Engineer,Garlock Family of Companies,False,False
2024-08-07 18:24:06,3966696748,Application Engineer,Garlock Family of Companies,False,False
2024-08-07 18:24:28,3966696748,Application Engineer,Garlock Family of Companies,False,False
2024-08-07 18:24:52,3966696748,Application Engineer,Garlock Family of Companies,False,False
2024-08-07 18:25:14,3966696748,Application Engineer,Garlock Family of Companies,False,False
2024-08-07 18:25:36,3966696748,Application Engineer,Garlock Family of Companies,False,False
2024-08-07 18:25:58,3966696748,Application Engineer,Garlock Family of Companies,False,False
2024-08-07 18:26:31,3966696748,Application Engineer,Garlock Family of Companies,True,True
2024-08-07 18:26:55,3966696748,Application Engineer,Garlock Family of Companies,False,False
2024-08-07 18:27:02,3927446321,IoT Solutions Engineer,"Trinity Industries, Inc.",False,False
2024-08-07 18:27:09,3978124156,SDET,Innova Solutions,False,False
2024-08-07 18:27:17,3961096238,Security Engineer,CORRIDOR Aviation Service Software,False,False
2024-08-07 18:27:24,3984992210,System Engineer,The Select Group,False,False
2024-08-07 18:27:31,3991541997,Application Engineer,ZRG Embedded Recruiting/RPO,False,False
2024-08-07 18:27:38,3765968693,Solutions Engineer,Verkada,False,False
2024-08-07 18:27:45,3977070578,Infrastructure Engineer,SONDA,False,False
2024-08-07 18:27:52,3982268782,FEA Engineer AI Artificial Intelligence,Altair,False,False
2024-08-07 18:27:59,3987545964,Engineer 1,Seneca Resources,False,False
2024-08-07 18:28:06,3984943858,Software Engineer,Kforce Inc,False,False
2024-08-07 18:28:14,3986720445,Interfacing Engineer,"Venture Development, LLC",False,False
2024-08-07 18:28:21,3947882193,Junior Data Reporting Engineer,Intelliswift Software,False,False
2024-08-07 18:29:07,3927446321,IoT Solutions Engineer,"Trinity Industries, Inc.",True,True
2024-08-07 18:29:14,3978124156,SDET,Innova Solutions,False,False
2024-08-07 18:29:22,3961096238,Security Engineer,CORRIDOR Aviation Service Software,False,False
2024-08-07 18:29:29,3984992210,System Engineer,The Select Group,False,False
2024-08-07 18:29:36,3991541997,Application Engineer,ZRG Embedded Recruiting/RPO,False,False
2024-08-07 18:29:43,3765968693,Solutions Engineer,Verkada,False,False
2024-08-07 18:29:51,3977070578,Infrastructure Engineer,SONDA,False,False
2024-08-07 18:29:58,3982268782,FEA Engineer AI Artificial Intelligence,Altair,False,False
2024-08-07 18:30:05,3987545964,Engineer 1,Seneca Resources,False,False
2024-08-07 18:30:12,3984943858,Software Engineer,Kforce Inc,False,False
2024-08-07 18:30:19,3989982729,System Engineer,Midland Memorial Hospital,False,False
2024-08-07 18:30:27,3947882193,Junior Data Reporting Engineer,Intelliswift Software,False,False
2024-08-07 18:31:04,3995249160,NodeJS Backend Developer,ExaTech Inc,False,False
2024-08-07 18:45:05,3961096238,Security Engineer,CORRIDOR Aviation Service Software,True,True
2024-08-07 18:45:47,3984992210,System Engineer,The Select Group,True,True
2024-08-07 18:45:54,3991541997,Application Engineer,ZRG Embedded Recruiting/RPO,False,False
2024-08-07 18:46:01,3765968693,Solutions Engineer,Verkada,False,False
2024-08-07 18:46:09,3982268782,FEA Engineer AI Artificial Intelligence,Altair,False,False
2024-08-07 18:46:16,3977070578,Infrastructure Engineer,SONDA,False,False
2024-08-07 18:46:37,3984943858,Software Engineer,Kforce Inc,True,True
2024-08-07 18:47:16,3978124156,SDET,Innova Solutions,True,True
2024-08-07 18:47:23,3987545964,Engineer 1,Seneca Resources,False,False
2024-08-07 18:47:30,3989982729,System Engineer,Midland Memorial Hospital,False,False
2024-08-07 18:47:37,3986106801,Production Support Engineer (SRE & J2EE),Confidential,False,False
2024-08-07 18:47:44,3965489124,Systems Engineer,Hilltop Holdings,False,False
2024-08-07 18:52:47,3991211931,Entry Level Software Engineer (Remote),Engtal,False,False
2024-08-07 18:52:54,3986630347,Machine Learning Engineer,Ascendion,False,False
2024-08-07 18:53:02,3987134428,Software Engineer – Autonomy,Apptronik,False,False
2024-08-07 18:53:09,3991603063,Junior Data Scientist,HR - TA,False,False
2024-08-07 18:59:52,3993661674,Generative AI Engineer,TechMatrix Inc,False,False
2024-08-07 19:00:00,3993670265,Data Analyst (Greenhouse),Aditi Consulting,False,False
2024-08-07 19:00:07,3995324900,Machine Learning Research Engineer,Pearson,False,False
2024-08-07 19:00:14,3992936091,Vehicle Software Engineer,Insight Global,False,False
2024-08-07 19:00:21,3995324916,Machine Learning Research Engineer,Pearson,False,False
2024-08-07 19:00:28,3994046804,Python/PySpark Data Engineer,Eviden,False,False
2024-08-07 19:00:35,3991672442,Robotic Programmer,TES Recruiting Solutions,False,False
2024-08-07 19:00:57,3993658625,Generative AI Engineer,SeeOnMe.ai,False,False
2024-08-07 19:01:19,3993658625,Generative AI Engineer,SeeOnMe.ai,False,False
2024-08-07 19:01:41,3993658625,Generative AI Engineer,SeeOnMe.ai,False,False
2024-08-07 19:02:02,3993658625,Generative AI Engineer,SeeOnMe.ai,False,False
2024-08-07 19:02:23,3993658625,Generative AI Engineer,SeeOnMe.ai,False,False
2024-08-07 19:02:45,3993658625,Generative AI Engineer,SeeOnMe.ai,False,False
2024-08-07 19:03:06,3993658625,Generative AI Engineer,SeeOnMe.ai,False,False
2024-08-07 19:03:28,3993658625,Generative AI Engineer,SeeOnMe.ai,False,False
2024-08-07 19:03:49,3993658625,Generative AI Engineer,SeeOnMe.ai,False,False
2024-08-07 19:04:10,3993658625,Generative AI Engineer,SeeOnMe.ai,False,False
2024-08-07 19:04:32,3993670265,Data Analyst (Greenhouse),Aditi Consulting,False,False
2024-08-07 19:04:39,3992243088,Intel Data Engineer (TS/SCI),IBM,False,False
2024-08-07 19:04:46,3992331616,Electrical and Automation Engineer,Randstad USA,False,False
2024-08-07 19:04:53,3993629652,AI ML Developer,Smart IT Frame LLC,False,False
2024-08-07 19:05:00,3993613674,Generative AI Engineer,Radiant Systems Inc,False,False
2024-08-07 19:05:07,3995324900,Machine Learning Research Engineer,Pearson,False,False
2024-08-07 19:05:14,3995538332,AI/ML Engineer,Jacobs,False,False
2024-08-07 19:05:36,3992243088,Intel Data Engineer (TS/SCI),IBM,False,False
2024-08-07 19:05:43,3993629652,AI ML Developer,Smart IT Frame LLC,False,False
2024-08-07 19:05:50,3993613674,Generative AI Engineer,Radiant Systems Inc,False,False
2024-08-07 19:05:57,3995538332,AI/ML Engineer,Jacobs,False,False
2024-08-07 19:06:04,3994618728,AI Engineer,Yamamoto,False,False
2024-08-07 19:06:11,3995322978,Machine Learning Research Engineer,Pearson,False,False
2024-08-07 19:06:18,3993611945,Software Engineer - Data Protection Engineer (Entry/Lead),Dice,False,False
2024-08-07 19:06:39,3992243088,Intel Data Engineer (TS/SCI),IBM,False,False
2024-08-07 19:06:46,3993629652,AI ML Developer,Smart IT Frame LLC,False,False
2024-08-07 19:06:54,3993613674,Generative AI Engineer,Radiant Systems Inc,False,False
2024-08-07 19:07:01,3995538332,AI/ML Engineer,Jacobs,False,False
2024-08-07 19:07:08,3994618728,AI Engineer,Yamamoto,False,False
2024-08-07 19:07:15,3995322978,Machine Learning Research Engineer,Pearson,False,False
2024-08-07 19:07:22,3993611945,Software Engineer - Data Protection Engineer (Entry/Lead),Dice,False,False
2024-08-07 19:07:44,3992243088,Intel Data Engineer (TS/SCI),IBM,False,False
2024-08-07 19:08:17,3992243088,Intel Data Engineer (TS/SCI),IBM,False,False
2024-08-07 19:08:25,3993613674,Generative AI Engineer,Radiant Systems Inc,False,False
2024-08-07 19:08:32,3993629652,AI ML Developer,Smart IT Frame LLC,False,False
2024-08-07 19:08:39,3995538332,AI/ML Engineer,Jacobs,False,False
2024-08-07 19:08:47,3994618728,AI Engineer,Yamamoto,False,False
2024-08-07 19:08:54,3995322978,Machine Learning Research Engineer,Pearson,False,False
2024-08-07 19:09:01,3993611945,Software Engineer - Data Protection Engineer (Entry/Lead),Dice,False,False
2024-08-07 19:09:22,3992243088,Intel Data Engineer (TS/SCI),IBM,False,False
2024-08-07 19:09:29,3993613674,Generative AI Engineer,Radiant Systems Inc,False,False
2024-08-07 19:09:36,3993629652,AI ML Developer,Smart IT Frame LLC,False,False
2024-08-07 19:09:43,3995538332,AI/ML Engineer,Jacobs,False,False
2024-08-07 19:09:50,3994618728,AI Engineer,Yamamoto,False,False
2024-08-07 19:09:57,3995322978,Machine Learning Research Engineer,Pearson,False,False
2024-08-07 19:10:05,3993611945,Software Engineer - Data Protection Engineer (Entry/Lead),Dice,False,False
2024-08-07 19:10:26,3993651979,Data Engineer,Sara Software Systems,False,False
2024-08-07 19:10:33,3993652933,Software Engineer,Sara Software Systems,False,False
2024-08-07 19:10:40,3992823563,"Software Engineer, Machine Learning",Meaku.AI,False,False
2024-08-07 19:10:47,3995555127,"Data-Ops Engineer-GCP, OpsGenie, Grafana,Prometheus, Open telemetry, Python",EXL,False,False
2024-08-07 19:10:54,3994115961,Software Engineer,Smith Johnson Tech,False,False
2024-08-07 19:11:02,3993613674,Generative AI Engineer,Radiant Systems Inc,False,False
2024-08-07 19:11:09,3995259265,Data & Analytics Engineer,"Take2 Consulting, LLC",False,False
2024-08-07 19:11:30,3993652933,Software Engineer,Sara Software Systems,False,False
2024-08-07 19:11:38,3992823563,"Software Engineer, Machine Learning",Meaku.AI,False,False
2024-08-07 19:11:45,3994115961,Software Engineer,Smith Johnson Tech,False,False
2024-08-07 19:11:52,3995555127,"Data-Ops Engineer-GCP, OpsGenie, Grafana,Prometheus, Open telemetry, Python",EXL,False,False
2024-08-07 19:12:00,3993613674,Generative AI Engineer,Radiant Systems Inc,False,False
2024-08-07 19:12:07,3995259265,Data & Analytics Engineer,"Take2 Consulting, LLC",False,False
2024-08-07 19:12:14,3993629652,AI ML Developer,Smart IT Frame LLC,False,False
2024-08-07 19:12:35,3993652933,Software Engineer,Sara Software Systems,False,False
2024-08-07 19:12:42,3994115961,Software Engineer,Smith Johnson Tech,False,False
2024-08-07 19:12:49,3992823563,"Software Engineer, Machine Learning",Meaku.AI,False,False
2024-08-07 19:12:56,3993613674,Generative AI Engineer,Radiant Systems Inc,False,False
2024-08-07 19:13:03,3995259265,Data & Analytics Engineer,"Take2 Consulting, LLC",False,False
2024-08-07 19:13:10,3993629652,AI ML Developer,Smart IT Frame LLC,False,False
2024-08-07 19:13:17,3994618728,AI Engineer,Yamamoto,False,False
2024-08-07 19:13:39,3993652933,Software Engineer,Sara Software Systems,False,False
2024-08-07 19:13:46,3994115961,Software Engineer,Smith Johnson Tech,False,False
2024-08-07 19:13:53,3993613674,Generative AI Engineer,Radiant Systems Inc,False,False
2024-08-07 19:14:01,3995259265,Data & Analytics Engineer,"Take2 Consulting, LLC",False,False
2024-08-07 19:14:08,3993629652,AI ML Developer,Smart IT Frame LLC,False,False
2024-08-07 19:14:15,3992823563,"Software Engineer, Machine Learning",Meaku.AI,False,False
2024-08-07 19:14:22,3994618728,AI Engineer,Yamamoto,False,False
2024-08-07 19:14:44,3992823563,"Software Engineer, Machine Learning",Meaku.AI,False,False
2024-08-07 19:14:51,3993652933,Software Engineer,Sara Software Systems,False,False
2024-08-07 19:14:58,3994115961,Software Engineer,Smith Johnson Tech,False,False
2024-08-07 19:15:05,3993613674,Generative AI Engineer,Radiant Systems Inc,False,False
2024-08-07 19:15:12,3993629652,AI ML Developer,Smart IT Frame LLC,False,False
2024-08-07 19:15:19,3994618728,AI Engineer,Yamamoto,False,False
2024-08-07 19:15:26,3995538332,AI/ML Engineer,Jacobs,False,False
2024-08-07 19:15:47,3992823563,"Software Engineer, Machine Learning",Meaku.AI,False,False
2024-08-07 19:15:54,3993652933,Software Engineer,Sara Software Systems,False,False
2024-08-07 19:16:02,3994115961,Software Engineer,Smith Johnson Tech,False,False
2024-08-07 19:16:09,3993613674,Generative AI Engineer,Radiant Systems Inc,False,False
2024-08-07 19:16:16,3993629652,AI ML Developer,Smart IT Frame LLC,False,False
2024-08-07 19:16:23,3994618728,AI Engineer,Yamamoto,False,False
2024-08-07 19:16:29,3995538332,AI/ML Engineer,Jacobs,False,False
2024-08-07 19:16:51,3993652933,Software Engineer,Sara Software Systems,False,False
2024-08-07 19:16:58,3992823563,"Software Engineer, Machine Learning",Meaku.AI,False,False
2024-08-07 19:17:05,3994115961,Software Engineer,Smith Johnson Tech,False,False
2024-08-07 19:17:12,3993613674,Generative AI Engineer,Radiant Systems Inc,False,False
2024-08-07 19:17:19,3993629652,AI ML Developer,Smart IT Frame LLC,False,False
2024-08-07 19:17:26,3994618728,AI Engineer,Yamamoto,False,False
2024-08-07 19:17:33,3995538332,AI/ML Engineer,Jacobs,False,False
2024-08-07 19:17:54,3993613674,Generative AI Engineer,Radiant Systems Inc,False,False
2024-08-07 19:18:02,3994115961,Software Engineer,Smith Johnson Tech,False,False
2024-08-07 19:18:09,3993629652,AI ML Developer,Smart IT Frame LLC,False,False
2024-08-07 19:18:16,3995538332,AI/ML Engineer,Jacobs,False,False
2024-08-07 19:18:23,3994618728,AI Engineer,Yamamoto,False,False
2024-08-07 19:18:30,3995322978,Machine Learning Research Engineer,Pearson,False,False
2024-08-07 19:18:37,3993292318,Entry Level Frontend Developer,Revature,False,False
2024-08-07 19:18:58,3994115961,Software Engineer,Smith Johnson Tech,False,False
2024-08-07 19:19:05,3993629652,AI ML Developer,Smart IT Frame LLC,False,False
2024-08-07 19:19:12,3993613674,Generative AI Engineer,Radiant Systems Inc,False,False
2024-08-07 19:19:19,3995322978,Machine Learning Research Engineer,Pearson,False,False
2024-08-07 19:19:26,3993292318,Entry Level Frontend Developer,Revature,False,False
2024-08-07 19:19:33,3995324919,Machine Learning Research Engineer,Pearson,False,False
2024-08-07 19:19:41,3994618728,AI Engineer,Yamamoto,False,False
2024-08-07 19:20:02,3994115961,Software Engineer,Smith Johnson Tech,False,False
2024-08-07 19:20:09,3993629652,AI ML Developer,Smart IT Frame LLC,False,False
2024-08-07 19:20:16,3993613674,Generative AI Engineer,Radiant Systems Inc,False,False
2024-08-07 19:20:23,3993292318,Entry Level Frontend Developer,Revature,False,False
2024-08-07 19:20:31,3995324919,Machine Learning Research Engineer,Pearson,False,False
2024-08-07 19:20:38,3994618728,AI Engineer,Yamamoto,False,False
2024-08-07 19:20:45,3993604707,DevOps Engineer,Vaco,False,False
2024-08-07 19:21:07,3938016274,Software Engineer,Paramium Technologies,False,False
2024-08-07 19:21:14,3993629652,AI ML Developer,Smart IT Frame LLC,False,False
2024-08-07 19:21:21,3993613674,Generative AI Engineer,Radiant Systems Inc,False,False
2024-08-07 19:21:28,3994115961,Software Engineer,Smith Johnson Tech,False,False
2024-08-07 19:21:35,3993292318,Entry Level Frontend Developer,Revature,False,False
2024-08-07 19:21:43,3995324919,Machine Learning Research Engineer,Pearson,False,False
2024-08-07 19:21:50,3994618728,AI Engineer,Yamamoto,False,False
2024-08-07 19:22:12,3938016274,Software Engineer,Paramium Technologies,False,False
2024-08-07 19:22:19,3993629652,AI ML Developer,Smart IT Frame LLC,False,False
2024-08-07 19:22:26,3993613674,Generative AI Engineer,Radiant Systems Inc,False,False
2024-08-07 19:22:33,3994115961,Software Engineer,Smith Johnson Tech,False,False
2024-08-07 19:22:40,3993292318,Entry Level Frontend Developer,Revature,False,False
2024-08-07 19:22:47,3995324919,Machine Learning Research Engineer,Pearson,False,False
2024-08-07 19:22:54,3993604707,DevOps Engineer,Vaco,False,False
2024-08-07 19:23:15,3938016274,Software Engineer,Paramium Technologies,False,False
2024-08-07 19:23:22,3993629652,AI ML Developer,Smart IT Frame LLC,False,False
2024-08-07 19:23:30,3993613674,Generative AI Engineer,Radiant Systems Inc,False,False
2024-08-07 19:23:37,3994115961,Software Engineer,Smith Johnson Tech,False,False
2024-08-07 19:23:44,3993292318,Entry Level Frontend Developer,Revature,False,False
2024-08-07 19:23:51,3995324919,Machine Learning Research Engineer,Pearson,False,False
2024-08-07 19:23:58,3993604707,DevOps Engineer,Vaco,False,False
2024-08-07 19:24:20,3938016274,Software Engineer,Paramium Technologies,False,False
2024-08-07 19:24:27,3993629652,AI ML Developer,Smart IT Frame LLC,False,False
2024-08-07 19:24:34,3993613674,Generative AI Engineer,Radiant Systems Inc,False,False
2024-08-07 19:24:41,3994115961,Software Engineer,Smith Johnson Tech,False,False
2024-08-07 19:24:48,3993292318,Entry Level Frontend Developer,Revature,False,False
2024-08-07 19:24:55,3995324919,Machine Learning Research Engineer,Pearson,False,False
2024-08-07 19:25:02,3994618728,AI Engineer,Yamamoto,False,False
2024-08-07 19:25:24,3938016274,Software Engineer,Paramium Technologies,False,False
2024-08-07 19:25:31,3993629652,AI ML Developer,Smart IT Frame LLC,False,False
2024-08-07 19:25:38,3993613674,Generative AI Engineer,Radiant Systems Inc,False,False
2024-08-07 19:25:46,3994115961,Software Engineer,Smith Johnson Tech,False,False
2024-08-07 19:25:53,3993292318,Entry Level Frontend Developer,Revature,False,False
2024-08-07 19:26:00,3995324919,Machine Learning Research Engineer,Pearson,False,False
2024-08-07 19:26:07,3994618728,AI Engineer,Yamamoto,False,False
2024-08-07 19:26:28,3938016274,Software Engineer,Paramium Technologies,False,False
2024-08-07 19:26:35,3993629652,AI ML Developer,Smart IT Frame LLC,False,False
2024-08-07 19:26:43,3993613674,Generative AI Engineer,Radiant Systems Inc,False,False
2024-08-07 19:26:50,3994115961,Software Engineer,Smith Johnson Tech,False,False
2024-08-07 19:26:57,3995324919,Machine Learning Research Engineer,Pearson,False,False
2024-08-07 19:27:04,3993290545,Entry Level Frontend Developer,Revature,False,False
2024-08-07 19:27:11,3993292318,Entry Level Frontend Developer,Revature,False,False
2024-08-07 19:27:33,3938016274,Software Engineer,Paramium Technologies,False,False
2024-08-07 19:27:40,3993629652,AI ML Developer,Smart IT Frame LLC,False,False
2024-08-07 19:27:47,3993613674,Generative AI Engineer,Radiant Systems Inc,False,False
2024-08-07 19:27:54,3994115961,Software Engineer,Smith Johnson Tech,False,False
2024-08-07 19:28:01,3993290545,Entry Level Frontend Developer,Revature,False,False
2024-08-07 19:28:08,3993292318,Entry Level Frontend Developer,Revature,False,False
2024-08-07 19:28:15,3995324920,Machine Learning Research Engineer,Pearson,False,False
2024-08-07 19:28:37,3938016274,Software Engineer,Paramium Technologies,False,False
2024-08-07 19:28:44,3993629652,AI ML Developer,Smart IT Frame LLC,False,False
2024-08-07 19:28:51,3993613674,Generative AI Engineer,Radiant Systems Inc,False,False
2024-08-07 19:28:58,3994115961,Software Engineer,Smith Johnson Tech,False,False
2024-08-07 19:29:05,3993290545,Entry Level Frontend Developer,Revature,False,False
2024-08-07 19:29:12,3995324920,Machine Learning Research Engineer,Pearson,False,False
2024-08-07 19:29:20,3995259265,Data & Analytics Engineer,"Take2 Consulting, LLC",False,False
2024-08-07 19:29:41,3938016274,Software Engineer,Paramium Technologies,False,False
2024-08-07 19:29:48,3994115961,Software Engineer,Smith Johnson Tech,False,False
2024-08-07 19:29:56,3993292305,Entry Level Frontend Developer,Revature,False,False
2024-08-07 19:30:03,3995259265,Data & Analytics Engineer,"Take2 Consulting, LLC",False,False
2024-08-07 19:30:10,3993629652,AI ML Developer,Smart IT Frame LLC,False,False
2024-08-07 19:30:17,3995322978,Machine Learning Research Engineer,Pearson,False,False
2024-08-07 19:30:24,3995324920,Machine Learning Research Engineer,Pearson,False,False
2024-08-07 19:30:46,3938016274,Software Engineer,Paramium Technologies,False,False
2024-08-07 19:30:53,3994115961,Software Engineer,Smith Johnson Tech,False,False
2024-08-07 19:31:00,3993629652,AI ML Developer,Smart IT Frame LLC,False,False
2024-08-07 19:31:07,3993613674,Generative AI Engineer,Radiant Systems Inc,False,False
2024-08-07 19:31:14,3993290545,Entry Level Frontend Developer,Revature,False,False
2024-08-07 19:31:21,3995324920,Machine Learning Research Engineer,Pearson,False,False
2024-08-07 19:31:28,3995259265,Data & Analytics Engineer,"Take2 Consulting, LLC",False,False
2024-08-07 19:31:49,3994115961,Software Engineer,Smith Johnson Tech,False,False
2024-08-07 19:31:57,3993629652,AI ML Developer,Smart IT Frame LLC,False,False
2024-08-07 19:32:04,3993613674,Generative AI Engineer,Radiant Systems Inc,False,False
2024-08-07 19:32:11,3996011883,Machine Learning Engineer,BMO U.S.,False,False
2024-08-07 19:32:18,3996017367,Machine Learning Engineer,BMO U.S.,False,False
2024-08-07 19:32:25,3993290545,Entry Level Frontend Developer,Revature,False,False
2024-08-07 19:32:32,3995324920,Machine Learning Research Engineer,Pearson,False,False
2024-08-07 19:32:53,3994115961,Software Engineer,Smith Johnson Tech,False,False
2024-08-07 19:33:00,3993629652,AI ML Developer,Smart IT Frame LLC,False,False
2024-08-07 19:33:07,3993613674,Generative AI Engineer,Radiant Systems Inc,False,False
2024-08-07 19:33:15,3996011883,Machine Learning Engineer,BMO U.S.,False,False
2024-08-07 19:33:22,3996017367,Machine Learning Engineer,BMO U.S.,False,False
2024-08-07 19:33:29,3995324920,Machine Learning Research Engineer,Pearson,False,False
2024-08-07 19:33:36,3993290545,Entry Level Frontend Developer,Revature,False,False
2024-08-07 19:33:58,3994115961,Software Engineer,Smith Johnson Tech,False,False
2024-08-07 19:34:05,3993629652,AI ML Developer,Smart IT Frame LLC,False,False
2024-08-07 19:34:12,3993613674,Generative AI Engineer,Radiant Systems Inc,False,False
2024-08-07 19:34:20,3996011883,Machine Learning Engineer,BMO U.S.,False,False
2024-08-07 19:34:28,3996017367,Machine Learning Engineer,BMO U.S.,False,False
2024-08-07 19:34:35,3993290545,Entry Level Frontend Developer,Revature,False,False
2024-08-07 19:34:42,3995324920,Machine Learning Research Engineer,Pearson,False,False
2024-08-07 19:36:49,3994115961,Software Engineer,Smith Johnson Tech,True,False
2024-08-07 19:37:14,3993629652,AI ML Developer,Smart IT Frame LLC,True,True
2024-08-07 19:37:28,3993613674,Generative AI Engineer,Radiant Systems Inc,True,True
2024-08-07 19:37:36,3996017367,Machine Learning Engineer,BMO U.S.,False,False
2024-08-07 19:37:43,3996011883,Machine Learning Engineer,BMO U.S.,False,False
2024-08-07 19:37:50,3993290545,Entry Level Frontend Developer,Revature,False,False
2024-08-07 19:37:57,3995324920,Machine Learning Research Engineer,Pearson,False,False
2024-08-07 19:38:29,3995259265,Data & Analytics Engineer,"Take2 Consulting, LLC",True,True
2024-08-07 19:39:10,3993298605,RPA Automation Architect,Birlasoft,True,True
2024-08-07 19:39:30,3993299270,Automation Engineer /QA Analyst-IL,ATC,True,True
2024-08-07 19:40:17,3992796992,Founding Machine Learning Engineer,Stealth Startup,True,True
2024-08-07 19:40:28,3993629963,Automation Engineer,TekWissen ®,True,True
2024-08-07 19:40:42,3995552806,Generative AI Developer,Trident Consulting,True,True
2024-08-07 19:41:12,3995033472,Data Center Engineer,Akkodis,True,True
2024-08-07 19:41:20,3993623012,"AI Engineer - Charlotte, NC (Onsite)",Dice,False,False
2024-08-07 19:41:45,3993661674,Generative AI Engineer,TechMatrix Inc,True,True
2024-08-07 19:42:26,3993631399,Business Intelligence Engineer,Apex Systems,True,True
2024-08-07 19:42:33,3993623012,"AI Engineer - Charlotte, NC (Onsite)",Dice,False,False
2024-08-07 19:42:58,3995542473,Generative AI Engineer,Coders Data,True,True
2024-08-07 19:44:03,3980364242,Support/Test Engineer (Robotics),XARM,True,True
2024-08-07 19:44:31,3995285185,Python automation Engineer,"TechnoSphere, Inc.",True,True
2024-08-07 19:44:44,3995147159,Python Developer with Networking Devices -Visa Independent Contractors only,Adbakx,True,True
2024-08-07 19:44:58,3993653776,Generative AI Engineer,Swift Technologies Inc,True,True
2024-08-07 19:45:12,3993605698,RPA Automation Architect,Birlasoft,True,True
2024-08-07 19:45:35,3995013254,Eagle - Automation Architect,Synechron,False,False
2024-08-07 19:45:42,3993623012,"AI Engineer - Charlotte, NC (Onsite)",Dice,False,False
2024-08-07 19:46:10,3993607896,Generative AI Engineer,Smart IT Frame LLC,True,True
2024-08-07 19:46:26,3995036283,Python Developer,Quotacom,True,True
2024-08-07 19:46:33,3993630718,Software Development Engineer in Test (SDET) Gen – AI,InfoVision Inc.,False,False
2024-08-07 19:46:40,3993600250,Automation Engineer /QA Analyst-CA,ATC,False,False
2024-08-07 19:46:47,3995324920,Machine Learning Research Engineer,Pearson,False,False
2024-08-07 19:46:54,3993641004,Python Developer,TekWissen ®,False,False
2024-08-07 19:47:17,3993644827,Lead Automation Engineer,"Crysalis Biosciences, Inc.",False,False
2024-08-07 19:47:24,3994698352,Control Systems Engineer,Vantage Consulting,False,False
2024-08-07 19:47:31,3993608703,Automation Engineer,IntelliPro,False,False
2024-08-07 19:47:38,3995501054,Automation Engineer,MBS Professional Staffing,False,False
2024-08-07 19:47:45,3993623012,"AI Engineer - Charlotte, NC (Onsite)",Dice,False,False
2024-08-07 19:47:52,3994622902,Automation Engineer,Meet,False,False
2024-08-07 19:48:00,3995314831,Automation Engineer,"VMC Soft Technologies, Inc",False,False
2024-08-07 19:48:22,3993644827,Lead Automation Engineer,"Crysalis Biosciences, Inc.",False,False
2024-08-07 19:48:29,3994698352,Control Systems Engineer,Vantage Consulting,False,False
2024-08-07 19:48:36,3993608703,Automation Engineer,IntelliPro,False,False
2024-08-07 19:48:43,3995501054,Automation Engineer,MBS Professional Staffing,False,False
2024-08-07 19:48:51,3993623012,"AI Engineer - Charlotte, NC (Onsite)",Dice,False,False
2024-08-07 19:48:58,3994622902,Automation Engineer,Meet,False,False
2024-08-07 19:49:05,3995314831,Automation Engineer,"VMC Soft Technologies, Inc",False,False
2024-08-07 19:49:27,3993644827,Lead Automation Engineer,"Crysalis Biosciences, Inc.",False,False
2024-08-07 19:49:34,3994698352,Control Systems Engineer,Vantage Consulting,False,False
2024-08-07 19:49:41,3993608703,Automation Engineer,IntelliPro,False,False
2024-08-07 19:49:48,3995501054,Automation Engineer,MBS Professional Staffing,False,False
2024-08-07 19:49:56,3993623012,"AI Engineer - Charlotte, NC (Onsite)",Dice,False,False
2024-08-07 19:50:03,3994622902,Automation Engineer,Meet,False,False
2024-08-07 19:50:10,3995314831,Automation Engineer,"VMC Soft Technologies, Inc",False,False
2024-08-07 19:50:32,3993644827,Lead Automation Engineer,"Crysalis Biosciences, Inc.",False,False
2024-08-07 19:50:39,3994698352,Control Systems Engineer,Vantage Consulting,False,False
2024-08-07 19:50:46,3993608703,Automation Engineer,IntelliPro,False,False
